name,email,department
Alice Johnson,alice.johnson@example.com,Engineering
Bob Smith,bob.smith@example.com,Finance
Charlie Lee,charlie.lee@example.com,Marketing
Diana Patel,diana.patel@example.com,Human Resources
Ethan Brown,ethan.brown@example.com,IT
Fiona Clark,fiona.clark@example.com,Sales
George Miller,george.miller@example.com,Support
Hannah Davis,hannah.davis@example.com,Legal
Ivan Wilson,ivan.wilson@example.com,Operations
Julia Kim,julia.kim@example.com,Product